Country,Year,Indicator,Value
Afghanistan,2013,Population with household expenditures on health greater than 25% of total household expenditure or income  ( SDG indicator 3.8.2) (%),1.49
Afghanistan,2007,Population with household expenditures on health greater than 25% of total household expenditure or income  ( SDG indicator 3.8.2) (%),0.0
Albania,2012,Population with household expenditures on health greater than 25% of total household expenditure or income  ( SDG indicator 3.8.2) (%),4.14
Albania,2008,Population with household expenditures on health greater than 25% of total household expenditure or income  ( SDG indicator 3.8.2) (%),5.21
Albania,2005,Population with household expenditures on health greater than 25% of total household expenditure or income  ( SDG indicator 3.8.2) (%),5.81
Albania,2002,Population with household expenditures on health greater than 25% of total household expenditure or income  ( SDG indicator 3.8.2) (%),4.54
Albania,1996,Population with household expenditures on health greater than 25% of total household expenditure or income  ( SDG indicator 3.8.2) (%),3.36
Angola,2008,Population with household expenditures on health greater than 25% of total household expenditure or income  ( SDG indicator 3.8.2) (%),5.25
Argentina,2004,Population with household expenditures on health greater than 25% of total household expenditure or income  ( SDG indicator 3.8.2) (%),4.84
Armenia,2013,Population with household expenditures on health greater than 25% of total household expenditure or income  ( SDG indicator 3.8.2) (%),5.49
Armenia,2012,Population with household expenditures on health greater than 25% of total household expenditure or income  ( SDG indicator 3.8.2) (%),3.1
Armenia,2011,Population with household expenditures on health greater than 25% of total household expenditure or income  ( SDG indicator 3.8.2) (%),3.53
Armenia,2010,Population with household expenditures on health greater than 25% of total household expenditure or income  ( SDG indicator 3.8.2) (%),1.85
Armenia,2009,Population with household expenditures on health greater than 25% of total household expenditure or income  ( SDG indicator 3.8.2) (%),2.42
Armenia,2008,Population with household expenditures on health greater than 25% of total household expenditure or income  ( SDG indicator 3.8.2) (%),2.6
Armenia,2007,Population with household expenditures on health greater than 25% of total household expenditure or income  ( SDG indicator 3.8.2) (%),1.72
Armenia,2006,Population with household expenditures on health greater than 25% of total household expenditure or income  ( SDG indicator 3.8.2) (%),6.35
Armenia,2005,Population with household expenditures on health greater than 25% of total household expenditure or income  ( SDG indicator 3.8.2) (%),6.38
Armenia,2004,Population with household expenditures on health greater than 25% of total household expenditure or income  ( SDG indicator 3.8.2) (%),7.82
Armenia,2003,Population with household expenditures on health greater than 25% of total household expenditure or income  ( SDG indicator 3.8.2) (%),5.34
Armenia,2002,Population with household expenditures on health greater than 25% of total household expenditure or income  ( SDG indicator 3.8.2) (%),5.72
Armenia,2001,Population with household expenditures on health greater than 25% of total household expenditure or income  ( SDG indicator 3.8.2) (%),6.5
Armenia,1999,Population with household expenditures on health greater than 25% of total household expenditure or income  ( SDG indicator 3.8.2) (%),6.64
Azerbaijan,2005,Population with household expenditures on health greater than 25% of total household expenditure or income  ( SDG indicator 3.8.2) (%),1.26
Azerbaijan,2004,Population with household expenditures on health greater than 25% of total household expenditure or income  ( SDG indicator 3.8.2) (%),1.21
Azerbaijan,2003,Population with household expenditures on health greater than 25% of total household expenditure or income  ( SDG indicator 3.8.2) (%),1.49
Azerbaijan,2002,Population with household expenditures on health greater than 25% of total household expenditure or income  ( SDG indicator 3.8.2) (%),1.25
Bangladesh,2016,Population with household expenditures on health greater than 25% of total household expenditure or income  ( SDG indicator 3.8.2) (%),7.71
Bangladesh,2010,Population with household expenditures on health greater than 25% of total household expenditure or income  ( SDG indicator 3.8.2) (%),2.39
Bangladesh,2005,Population with household expenditures on health greater than 25% of total household expenditure or income  ( SDG indicator 3.8.2) (%),3.54
Bangladesh,2000,Population with household expenditures on health greater than 25% of total household expenditure or income  ( SDG indicator 3.8.2) (%),5.06
Belarus,2016,Population with household expenditures on health greater than 25% of total household expenditure or income  ( SDG indicator 3.8.2) (%),0.54
Belarus,2015,Population with household expenditures on health greater than 25% of total household expenditure or income  ( SDG indicator 3.8.2) (%),0.44
Belarus,2014,Population with household expenditures on health greater than 25% of total household expenditure or income  ( SDG indicator 3.8.2) (%),0.26
Belarus,2013,Population with household expenditures on health greater than 25% of total household expenditure or income  ( SDG indicator 3.8.2) (%),0.57
Belarus,2012,Population with household expenditures on health greater than 25% of total household expenditure or income  ( SDG indicator 3.8.2) (%),0.16
Belarus,2011,Population with household expenditures on health greater than 25% of total household expenditure or income  ( SDG indicator 3.8.2) (%),0.22
Belarus,2010,Population with household expenditures on health greater than 25% of total household expenditure or income  ( SDG indicator 3.8.2) (%),0.03
Belarus,2009,Population with household expenditures on health greater than 25% of total household expenditure or income  ( SDG indicator 3.8.2) (%),0.19
Belarus,2008,Population with household expenditures on health greater than 25% of total household expenditure or income  ( SDG indicator 3.8.2) (%),0.08
Belarus,2007,Population with household expenditures on health greater than 25% of total household expenditure or income  ( SDG indicator 3.8.2) (%),0.16
Belarus,2006,Population with household expenditures on health greater than 25% of total household expenditure or income  ( SDG indicator 3.8.2) (%),0.01
Belarus,2005,Population with household expenditures on health greater than 25% of total household expenditure or income  ( SDG indicator 3.8.2) (%),0.04
Belarus,2004,Population with household expenditures on health greater than 25% of total household expenditure or income  ( SDG indicator 3.8.2) (%),0.12
Belarus,2003,Population with household expenditures on health greater than 25% of total household expenditure or income  ( SDG indicator 3.8.2) (%),0.23
Belarus,2002,Population with household expenditures on health greater than 25% of total household expenditure or income  ( SDG indicator 3.8.2) (%),0.15
Belarus,2001,Population with household expenditures on health greater than 25% of total household expenditure or income  ( SDG indicator 3.8.2) (%),0.08
Belarus,2000,Population with household expenditures on health greater than 25% of total household expenditure or income  ( SDG indicator 3.8.2) (%),0.04
Belarus,1999,Population with household expenditures on health greater than 25% of total household expenditure or income  ( SDG indicator 3.8.2) (%),0.07
Belarus,1998,Population with household expenditures on health greater than 25% of total household expenditure or income  ( SDG indicator 3.8.2) (%),0.14
Belgium,2010,Population with household expenditures on health greater than 25% of total household expenditure or income  ( SDG indicator 3.8.2) (%),1.3
Benin,2011,Population with household expenditures on health greater than 25% of total household expenditure or income  ( SDG indicator 3.8.2) (%),3.85
Benin,2003,Population with household expenditures on health greater than 25% of total household expenditure or income  ( SDG indicator 3.8.2) (%),0.6
Bhutan,2017,Population with household expenditures on health greater than 25% of total household expenditure or income  ( SDG indicator 3.8.2) (%),0.46
Bhutan,2012,Population with household expenditures on health greater than 25% of total household expenditure or income  ( SDG indicator 3.8.2) (%),0.94
Bhutan,2007,Population with household expenditures on health greater than 25% of total household expenditure or income  ( SDG indicator 3.8.2) (%),0.58
Bhutan,2003,Population with household expenditures on health greater than 25% of total household expenditure or income  ( SDG indicator 3.8.2) (%),1.53
Bolivia (Plurinational State of),2015,Population with household expenditures on health greater than 25% of total household expenditure or income  ( SDG indicator 3.8.2) (%),0.93
Bolivia (Plurinational State of),2012,Population with household expenditures on health greater than 25% of total household expenditure or income  ( SDG indicator 3.8.2) (%),0.46
Bolivia (Plurinational State of),2011,Population with household expenditures on health greater than 25% of total household expenditure or income  ( SDG indicator 3.8.2) (%),0.83
Bolivia (Plurinational State of),2008,Population with household expenditures on health greater than 25% of total household expenditure or income  ( SDG indicator 3.8.2) (%),0.67
Bolivia (Plurinational State of),2002,Population with household expenditures on health greater than 25% of total household expenditure or income  ( SDG indicator 3.8.2) (%),2.9
Bolivia (Plurinational State of),2001,Population with household expenditures on health greater than 25% of total household expenditure or income  ( SDG indicator 3.8.2) (%),1.88
Bolivia (Plurinational State of),2000,Population with household expenditures on health greater than 25% of total household expenditure or income  ( SDG indicator 3.8.2) (%),3.62
Bolivia (Plurinational State of),1999,Population with household expenditures on health greater than 25% of total household expenditure or income  ( SDG indicator 3.8.2) (%),4.32
Bosnia and Herzegovina,2015,Population with household expenditures on health greater than 25% of total household expenditure or income  ( SDG indicator 3.8.2) (%),1.2
Bosnia and Herzegovina,2011,Population with household expenditures on health greater than 25% of total household expenditure or income  ( SDG indicator 3.8.2) (%),1.11
Bosnia and Herzegovina,2007,Population with household expenditures on health greater than 25% of total household expenditure or income  ( SDG indicator 3.8.2) (%),1.71
Bosnia and Herzegovina,2004,Population with household expenditures on health greater than 25% of total household expenditure or income  ( SDG indicator 3.8.2) (%),0.22
Bosnia and Herzegovina,2001,Population with household expenditures on health greater than 25% of total household expenditure or income  ( SDG indicator 3.8.2) (%),2.83
Botswana,2009,Population with household expenditures on health greater than 25% of total household expenditure or income  ( SDG indicator 3.8.2) (%),0.27
Brazil,2008,Population with household expenditures on health greater than 25% of total household expenditure or income  ( SDG indicator 3.8.2) (%),3.41
Bulgaria,2010,Population with household expenditures on health greater than 25% of total household expenditure or income  ( SDG indicator 3.8.2) (%),0.43
Bulgaria,2007,Population with household expenditures on health greater than 25% of total household expenditure or income  ( SDG indicator 3.8.2) (%),1.73
Bulgaria,2001,Population with household expenditures on health greater than 25% of total household expenditure or income  ( SDG indicator 3.8.2) (%),1.14
Bulgaria,2000,Population with household expenditures on health greater than 25% of total household expenditure or income  ( SDG indicator 3.8.2) (%),1.0
Bulgaria,1997,Population with household expenditures on health greater than 25% of total household expenditure or income  ( SDG indicator 3.8.2) (%),0.13
Bulgaria,1995,Population with household expenditures on health greater than 25% of total household expenditure or income  ( SDG indicator 3.8.2) (%),0.11
Burkina Faso,2014,Population with household expenditures on health greater than 25% of total household expenditure or income  ( SDG indicator 3.8.2) (%),0.23
Burkina Faso,2009,Population with household expenditures on health greater than 25% of total household expenditure or income  ( SDG indicator 3.8.2) (%),0.75
Burkina Faso,2003,Population with household expenditures on health greater than 25% of total household expenditure or income  ( SDG indicator 3.8.2) (%),4.32
Burkina Faso,1998,Population with household expenditures on health greater than 25% of total household expenditure or income  ( SDG indicator 3.8.2) (%),6.16
Burundi,2013,Population with household expenditures on health greater than 25% of total household expenditure or income  ( SDG indicator 3.8.2) (%),0.79
Burundi,1998,Population with household expenditures on health greater than 25% of total household expenditure or income  ( SDG indicator 3.8.2) (%),0.13
Cabo Verde,2007,Population with household expenditures on health greater than 25% of total household expenditure or income  ( SDG indicator 3.8.2) (%),0.0
Cabo Verde,2001,Population with household expenditures on health greater than 25% of total household expenditure or income  ( SDG indicator 3.8.2) (%),0.34
Cambodia,2014,Population with household expenditures on health greater than 25% of total household expenditure or income  ( SDG indicator 3.8.2) (%),2.58
Cambodia,2009,Population with household expenditures on health greater than 25% of total household expenditure or income  ( SDG indicator 3.8.2) (%),4.7
Cameroon,2014,Population with household expenditures on health greater than 25% of total household expenditure or income  ( SDG indicator 3.8.2) (%),3.09
Cameroon,2007,Population with household expenditures on health greater than 25% of total household expenditure or income  ( SDG indicator 3.8.2) (%),0.13
Cameroon,2001,Population with household expenditures on health greater than 25% of total household expenditure or income  ( SDG indicator 3.8.2) (%),0.22
Cameroon,1996,Population with household expenditures on health greater than 25% of total household expenditure or income  ( SDG indicator 3.8.2) (%),2.44
Central African Republic,2008,Population with household expenditures on health greater than 25% of total household expenditure or income  ( SDG indicator 3.8.2) (%),0.85
Chad,2003,Population with household expenditures on health greater than 25% of total household expenditure or income  ( SDG indicator 3.8.2) (%),0.5
Chile,2006,Population with household expenditures on health greater than 25% of total household expenditure or income  ( SDG indicator 3.8.2) (%),1.77
China,2007,Population with household expenditures on health greater than 25% of total household expenditure or income  ( SDG indicator 3.8.2) (%),4.62
China,2002,Population with household expenditures on health greater than 25% of total household expenditure or income  ( SDG indicator 3.8.2) (%),4.59
China,1995,Population with household expenditures on health greater than 25% of total household expenditure or income  ( SDG indicator 3.8.2) (%),0.95
Colombia,2016,Population with household expenditures on health greater than 25% of total household expenditure or income  ( SDG indicator 3.8.2) (%),2.04
Colombia,2010,Population with household expenditures on health greater than 25% of total household expenditure or income  ( SDG indicator 3.8.2) (%),2.54
Colombia,2008,Population with household expenditures on health greater than 25% of total household expenditure or income  ( SDG indicator 3.8.2) (%),2.74
Congo,2011,Population with household expenditures on health greater than 25% of total household expenditure or income  ( SDG indicator 3.8.2) (%),0.55
Congo,2005,Population with household expenditures on health greater than 25% of total household expenditure or income  ( SDG indicator 3.8.2) (%),2.2
Costa Rica,2012,Population with household expenditures on health greater than 25% of total household expenditure or income  ( SDG indicator 3.8.2) (%),1.97
Costa Rica,2004,Population with household expenditures on health greater than 25% of total household expenditure or income  ( SDG indicator 3.8.2) (%),0.56
Costa Rica,1992,Population with household expenditures on health greater than 25% of total household expenditure or income  ( SDG indicator 3.8.2) (%),0.18
Côte d’Ivoire,2015,Population with household expenditures on health greater than 25% of total household expenditure or income  ( SDG indicator 3.8.2) (%),2.6
Côte d’Ivoire,2008,Population with household expenditures on health greater than 25% of total household expenditure or income  ( SDG indicator 3.8.2) (%),2.86
Côte d’Ivoire,2002,Population with household expenditures on health greater than 25% of total household expenditure or income  ( SDG indicator 3.8.2) (%),4.29
Côte d’Ivoire,1998,Population with household expenditures on health greater than 25% of total household expenditure or income  ( SDG indicator 3.8.2) (%),2.98
Croatia,2010,Population with household expenditures on health greater than 25% of total household expenditure or income  ( SDG indicator 3.8.2) (%),0.45
Croatia,2009,Population with household expenditures on health greater than 25% of total household expenditure or income  ( SDG indicator 3.8.2) (%),0.09
Croatia,2008,Population with household expenditures on health greater than 25% of total household expenditure or income  ( SDG indicator 3.8.2) (%),0.39
Croatia,2004,Population with household expenditures on health greater than 25% of total household expenditure or income  ( SDG indicator 3.8.2) (%),0.24
Croatia,1998,Population with household expenditures on health greater than 25% of total household expenditure or income  ( SDG indicator 3.8.2) (%),0.82
Cyprus,2010,Population with household expenditures on health greater than 25% of total household expenditure or income  ( SDG indicator 3.8.2) (%),1.64
Czechia,2010,Population with household expenditures on health greater than 25% of total household expenditure or income  ( SDG indicator 3.8.2) (%),0.07
Democratic Republic of the Congo,2012,Population with household expenditures on health greater than 25% of total household expenditure or income  ( SDG indicator 3.8.2) (%),0.42
Democratic Republic of the Congo,2004,Population with household expenditures on health greater than 25% of total household expenditure or income  ( SDG indicator 3.8.2) (%),0.42
Denmark,2010,Population with household expenditures on health greater than 25% of total household expenditure or income  ( SDG indicator 3.8.2) (%),0.74
Djibouti,1996,Population with household expenditures on health greater than 25% of total household expenditure or income  ( SDG indicator 3.8.2) (%),0.04
Dominican Republic,2007,Population with household expenditures on health greater than 25% of total household expenditure or income  ( SDG indicator 3.8.2) (%),4.7
Ecuador,2011,Population with household expenditures on health greater than 25% of total household expenditure or income  ( SDG indicator 3.8.2) (%),2.98
Ecuador,1998,Population with household expenditures on health greater than 25% of total household expenditure or income  ( SDG indicator 3.8.2) (%),1.22
Egypt,2012,Population with household expenditures on health greater than 25% of total household expenditure or income  ( SDG indicator 3.8.2) (%),3.87
Egypt,2008,Population with household expenditures on health greater than 25% of total household expenditure or income  ( SDG indicator 3.8.2) (%),1.13
Egypt,1997,Population with household expenditures on health greater than 25% of total household expenditure or income  ( SDG indicator 3.8.2) (%),1.59
El Salvador,2014,Population with household expenditures on health greater than 25% of total household expenditure or income  ( SDG indicator 3.8.2) (%),0.22
Estonia,2007,Population with household expenditures on health greater than 25% of total household expenditure or income  ( SDG indicator 3.8.2) (%),3.18
Estonia,2006,Population with household expenditures on health greater than 25% of total household expenditure or income  ( SDG indicator 3.8.2) (%),3.27
Estonia,2005,Population with household expenditures on health greater than 25% of total household expenditure or income  ( SDG indicator 3.8.2) (%),1.96
Estonia,2004,Population with household expenditures on health greater than 25% of total household expenditure or income  ( SDG indicator 3.8.2) (%),1.94
Estonia,2003,Population with household expenditures on health greater than 25% of total household expenditure or income  ( SDG indicator 3.8.2) (%),1.41
Estonia,2002,Population with household expenditures on health greater than 25% of total household expenditure or income  ( SDG indicator 3.8.2) (%),1.21
Estonia,2000,Population with household expenditures on health greater than 25% of total household expenditure or income  ( SDG indicator 3.8.2) (%),1.27
Estonia,1995,Population with household expenditures on health greater than 25% of total household expenditure or income  ( SDG indicator 3.8.2) (%),0.07
Eswatini,2009,Population with household expenditures on health greater than 25% of total household expenditure or income  ( SDG indicator 3.8.2) (%),0.96
Ethiopia,2015,Population with household expenditures on health greater than 25% of total household expenditure or income  ( SDG indicator 3.8.2) (%),1.51
Ethiopia,2011,Population with household expenditures on health greater than 25% of total household expenditure or income  ( SDG indicator 3.8.2) (%),0.4
Ethiopia,2004,Population with household expenditures on health greater than 25% of total household expenditure or income  ( SDG indicator 3.8.2) (%),0.33
Ethiopia,1999,Population with household expenditures on health greater than 25% of total household expenditure or income  ( SDG indicator 3.8.2) (%),0.25
Fiji,2008,Population with household expenditures on health greater than 25% of total household expenditure or income  ( SDG indicator 3.8.2) (%),0.1
Fiji,2002,Population with household expenditures on health greater than 25% of total household expenditure or income  ( SDG indicator 3.8.2) (%),0.19
Finland,2010,Population with household expenditures on health greater than 25% of total household expenditure or income  ( SDG indicator 3.8.2) (%),1.02
France,2010,Population with household expenditures on health greater than 25% of total household expenditure or income  ( SDG indicator 3.8.2) (%),0.24
Gabon,2005,Population with household expenditures on health greater than 25% of total household expenditure or income  ( SDG indicator 3.8.2) (%),0.19
Gambia,2015,Population with household expenditures on health greater than 25% of total household expenditure or income  ( SDG indicator 3.8.2) (%),0.02
Gambia,2010,Population with household expenditures on health greater than 25% of total household expenditure or income  ( SDG indicator 3.8.2) (%),0.05
Gambia,2003,Population with household expenditures on health greater than 25% of total household expenditure or income  ( SDG indicator 3.8.2) (%),0.08
Georgia,2013,Population with household expenditures on health greater than 25% of total household expenditure or income  ( SDG indicator 3.8.2) (%),7.61
Georgia,2012,Population with household expenditures on health greater than 25% of total household expenditure or income  ( SDG indicator 3.8.2) (%),8.16
Georgia,2011,Population with household expenditures on health greater than 25% of total household expenditure or income  ( SDG indicator 3.8.2) (%),8.8
Georgia,2010,Population with household expenditures on health greater than 25% of total household expenditure or income  ( SDG indicator 3.8.2) (%),10.54
Georgia,2009,Population with household expenditures on health greater than 25% of total household expenditure or income  ( SDG indicator 3.8.2) (%),11.43
Georgia,2008,Population with household expenditures on health greater than 25% of total household expenditure or income  ( SDG indicator 3.8.2) (%),7.09
Georgia,2007,Population with household expenditures on health greater than 25% of total household expenditure or income  ( SDG indicator 3.8.2) (%),6.06
Georgia,2006,Population with household expenditures on health greater than 25% of total household expenditure or income  ( SDG indicator 3.8.2) (%),6.08
Georgia,2005,Population with household expenditures on health greater than 25% of total household expenditure or income  ( SDG indicator 3.8.2) (%),5.72
Georgia,2004,Population with household expenditures on health greater than 25% of total household expenditure or income  ( SDG indicator 3.8.2) (%),4.93
Georgia,2003,Population with household expenditures on health greater than 25% of total household expenditure or income  ( SDG indicator 3.8.2) (%),5.26
Georgia,2002,Population with household expenditures on health greater than 25% of total household expenditure or income  ( SDG indicator 3.8.2) (%),5.02
Georgia,2001,Population with household expenditures on health greater than 25% of total household expenditure or income  ( SDG indicator 3.8.2) (%),4.77
Georgia,2000,Population with household expenditures on health greater than 25% of total household expenditure or income  ( SDG indicator 3.8.2) (%),4.16
Georgia,1999,Population with household expenditures on health greater than 25% of total household expenditure or income  ( SDG indicator 3.8.2) (%),2.13
Georgia,1998,Population with household expenditures on health greater than 25% of total household expenditure or income  ( SDG indicator 3.8.2) (%),1.88
Georgia,1997,Population with household expenditures on health greater than 25% of total household expenditure or income  ( SDG indicator 3.8.2) (%),2.47
Germany,2010,Population with household expenditures on health greater than 25% of total household expenditure or income  ( SDG indicator 3.8.2) (%),0.09
Ghana,2012,Population with household expenditures on health greater than 25% of total household expenditure or income  ( SDG indicator 3.8.2) (%),0.1
Ghana,2005,Population with household expenditures on health greater than 25% of total household expenditure or income  ( SDG indicator 3.8.2) (%),0.38
Ghana,1998,Population with household expenditures on health greater than 25% of total household expenditure or income  ( SDG indicator 3.8.2) (%),1.05
Ghana,1991,Population with household expenditures on health greater than 25% of total household expenditure or income  ( SDG indicator 3.8.2) (%),0.48
Greece,2016,Population with household expenditures on health greater than 25% of total household expenditure or income  ( SDG indicator 3.8.2) (%),1.62
Greece,2010,Population with household expenditures on health greater than 25% of total household expenditure or income  ( SDG indicator 3.8.2) (%),1.58
Guatemala,2014,Population with household expenditures on health greater than 25% of total household expenditure or income  ( SDG indicator 3.8.2) (%),0.03
Guatemala,2011,Population with household expenditures on health greater than 25% of total household expenditure or income  ( SDG indicator 3.8.2) (%),2.05
Guatemala,2000,Population with household expenditures on health greater than 25% of total household expenditure or income  ( SDG indicator 3.8.2) (%),0.59
Guinea,2012,Population with household expenditures on health greater than 25% of total household expenditure or income  ( SDG indicator 3.8.2) (%),0.8
Guinea,2007,Population with household expenditures on health greater than 25% of total household expenditure or income  ( SDG indicator 3.8.2) (%),0.18
Guinea,2002,Population with household expenditures on health greater than 25% of total household expenditure or income  ( SDG indicator 3.8.2) (%),2.47
Guyana,1993,Population with household expenditures on health greater than 25% of total household expenditure or income  ( SDG indicator 3.8.2) (%),0.7
Haiti,2013,Population with household expenditures on health greater than 25% of total household expenditure or income  ( SDG indicator 3.8.2) (%),3.73
Haiti,2012,Population with household expenditures on health greater than 25% of total household expenditure or income  ( SDG indicator 3.8.2) (%),1.79
Honduras,2004,Population with household expenditures on health greater than 25% of total household expenditure or income  ( SDG indicator 3.8.2) (%),0.12
Hungary,2010,Population with household expenditures on health greater than 25% of total household expenditure or income  ( SDG indicator 3.8.2) (%),0.33
Hungary,2007,Population with household expenditures on health greater than 25% of total household expenditure or income  ( SDG indicator 3.8.2) (%),0.85
Hungary,2006,Population with household expenditures on health greater than 25% of total household expenditure or income  ( SDG indicator 3.8.2) (%),0.59
Hungary,2005,Population with household expenditures on health greater than 25% of total household expenditure or income  ( SDG indicator 3.8.2) (%),0.78
Hungary,2004,Population with household expenditures on health greater than 25% of total household expenditure or income  ( SDG indicator 3.8.2) (%),0.9
Hungary,2003,Population with household expenditures on health greater than 25% of total household expenditure or income  ( SDG indicator 3.8.2) (%),1.35
Hungary,2002,Population with household expenditures on health greater than 25% of total household expenditure or income  ( SDG indicator 3.8.2) (%),0.85
Hungary,2001,Population with household expenditures on health greater than 25% of total household expenditure or income  ( SDG indicator 3.8.2) (%),0.76
Hungary,2000,Population with household expenditures on health greater than 25% of total household expenditure or income  ( SDG indicator 3.8.2) (%),0.85
Hungary,1999,Population with household expenditures on health greater than 25% of total household expenditure or income  ( SDG indicator 3.8.2) (%),0.7
Hungary,1998,Population with household expenditures on health greater than 25% of total household expenditure or income  ( SDG indicator 3.8.2) (%),0.84
India,2011,Population with household expenditures on health greater than 25% of total household expenditure or income  ( SDG indicator 3.8.2) (%),3.63
India,2009,Population with household expenditures on health greater than 25% of total household expenditure or income  ( SDG indicator 3.8.2) (%),2.86
India,2004,Population with household expenditures on health greater than 25% of total household expenditure or income  ( SDG indicator 3.8.2) (%),3.03
Indonesia,2018,Population with household expenditures on health greater than 25% of total household expenditure or income  ( SDG indicator 3.8.2) (%),0.49
Indonesia,2015,Population with household expenditures on health greater than 25% of total household expenditure or income  ( SDG indicator 3.8.2) (%),0.43
Indonesia,2014,Population with household expenditures on health greater than 25% of total household expenditure or income  ( SDG indicator 3.8.2) (%),1.33
Indonesia,2013,Population with household expenditures on health greater than 25% of total household expenditure or income  ( SDG indicator 3.8.2) (%),1.01
Indonesia,2012,Population with household expenditures on health greater than 25% of total household expenditure or income  ( SDG indicator 3.8.2) (%),0.99
Indonesia,2011,Population with household expenditures on health greater than 25% of total household expenditure or income  ( SDG indicator 3.8.2) (%),1.03
Indonesia,2010,Population with household expenditures on health greater than 25% of total household expenditure or income  ( SDG indicator 3.8.2) (%),0.47
Indonesia,2009,Population with household expenditures on health greater than 25% of total household expenditure or income  ( SDG indicator 3.8.2) (%),0.52
Indonesia,2007,Population with household expenditures on health greater than 25% of total household expenditure or income  ( SDG indicator 3.8.2) (%),0.33
Indonesia,2006,Population with household expenditures on health greater than 25% of total household expenditure or income  ( SDG indicator 3.8.2) (%),0.27
Indonesia,2005,Population with household expenditures on health greater than 25% of total household expenditure or income  ( SDG indicator 3.8.2) (%),0.35
Indonesia,2004,Population with household expenditures on health greater than 25% of total household expenditure or income  ( SDG indicator 3.8.2) (%),0.37
Indonesia,2003,Population with household expenditures on health greater than 25% of total household expenditure or income  ( SDG indicator 3.8.2) (%),0.41
Indonesia,2002,Population with household expenditures on health greater than 25% of total household expenditure or income  ( SDG indicator 3.8.2) (%),0.38
Indonesia,2001,Population with household expenditures on health greater than 25% of total household expenditure or income  ( SDG indicator 3.8.2) (%),0.5
Iraq,2012,Population with household expenditures on health greater than 25% of total household expenditure or income  ( SDG indicator 3.8.2) (%),0.33
Iraq,2006,Population with household expenditures on health greater than 25% of total household expenditure or income  ( SDG indicator 3.8.2) (%),0.33
Ireland,2010,Population with household expenditures on health greater than 25% of total household expenditure or income  ( SDG indicator 3.8.2) (%),0.68
Ireland,2009,Population with household expenditures on health greater than 25% of total household expenditure or income  ( SDG indicator 3.8.2) (%),0.41
Ireland,1999,Population with household expenditures on health greater than 25% of total household expenditure or income  ( SDG indicator 3.8.2) (%),1.21
Italy,2010,Population with household expenditures on health greater than 25% of total household expenditure or income  ( SDG indicator 3.8.2) (%),0.93
Jamaica,2004,Population with household expenditures on health greater than 25% of total household expenditure or income  ( SDG indicator 3.8.2) (%),2.5
Jamaica,2003,Population with household expenditures on health greater than 25% of total household expenditure or income  ( SDG indicator 3.8.2) (%),2.39
Jamaica,2002,Population with household expenditures on health greater than 25% of total household expenditure or income  ( SDG indicator 3.8.2) (%),2.76
Jamaica,1997,Population with household expenditures on health greater than 25% of total household expenditure or income  ( SDG indicator 3.8.2) (%),0.89
Jamaica,1996,Population with household expenditures on health greater than 25% of total household expenditure or income  ( SDG indicator 3.8.2) (%),1.54
Jamaica,1995,Population with household expenditures on health greater than 25% of total household expenditure or income  ( SDG indicator 3.8.2) (%),1.08
Jamaica,1994,Population with household expenditures on health greater than 25% of total household expenditure or income  ( SDG indicator 3.8.2) (%),1.21
Jamaica,1993,Population with household expenditures on health greater than 25% of total household expenditure or income  ( SDG indicator 3.8.2) (%),3.62
Jamaica,1992,Population with household expenditures on health greater than 25% of total household expenditure or income  ( SDG indicator 3.8.2) (%),3.33
Jamaica,1991,Population with household expenditures on health greater than 25% of total household expenditure or income  ( SDG indicator 3.8.2) (%),1.66
Jamaica,1990,Population with household expenditures on health greater than 25% of total household expenditure or income  ( SDG indicator 3.8.2) (%),2.12
Jordan,2008,Population with household expenditures on health greater than 25% of total household expenditure or income  ( SDG indicator 3.8.2) (%),0.31
Jordan,2006,Population with household expenditures on health greater than 25% of total household expenditure or income  ( SDG indicator 3.8.2) (%),0.79
Jordan,2002,Population with household expenditures on health greater than 25% of total household expenditure or income  ( SDG indicator 3.8.2) (%),0.04
Kazakhstan,2015,Population with household expenditures on health greater than 25% of total household expenditure or income  ( SDG indicator 3.8.2) (%),0.03
Kazakhstan,2014,Population with household expenditures on health greater than 25% of total household expenditure or income  ( SDG indicator 3.8.2) (%),0.03
Kazakhstan,2013,Population with household expenditures on health greater than 25% of total household expenditure or income  ( SDG indicator 3.8.2) (%),0.01
Kazakhstan,2012,Population with household expenditures on health greater than 25% of total household expenditure or income  ( SDG indicator 3.8.2) (%),0.02
Kazakhstan,2011,Population with household expenditures on health greater than 25% of total household expenditure or income  ( SDG indicator 3.8.2) (%),0.02
Kazakhstan,2010,Population with household expenditures on health greater than 25% of total household expenditure or income  ( SDG indicator 3.8.2) (%),0.27
Kazakhstan,2009,Population with household expenditures on health greater than 25% of total household expenditure or income  ( SDG indicator 3.8.2) (%),0.22
Kazakhstan,2008,Population with household expenditures on health greater than 25% of total household expenditure or income  ( SDG indicator 3.8.2) (%),0.59
Kazakhstan,2007,Population with household expenditures on health greater than 25% of total household expenditure or income  ( SDG indicator 3.8.2) (%),0.83
Kazakhstan,2006,Population with household expenditures on health greater than 25% of total household expenditure or income  ( SDG indicator 3.8.2) (%),0.3
Kazakhstan,2005,Population with household expenditures on health greater than 25% of total household expenditure or income  ( SDG indicator 3.8.2) (%),0.13
Kazakhstan,2004,Population with household expenditures on health greater than 25% of total household expenditure or income  ( SDG indicator 3.8.2) (%),0.23
Kazakhstan,2003,Population with household expenditures on health greater than 25% of total household expenditure or income  ( SDG indicator 3.8.2) (%),0.24
Kazakhstan,2002,Population with household expenditures on health greater than 25% of total household expenditure or income  ( SDG indicator 3.8.2) (%),0.16
Kazakhstan,2001,Population with household expenditures on health greater than 25% of total household expenditure or income  ( SDG indicator 3.8.2) (%),0.11
Kenya,2015,Population with household expenditures on health greater than 25% of total household expenditure or income  ( SDG indicator 3.8.2) (%),1.3
Kenya,2005,Population with household expenditures on health greater than 25% of total household expenditure or income  ( SDG indicator 3.8.2) (%),1.18
Kenya,1997,Population with household expenditures on health greater than 25% of total household expenditure or income  ( SDG indicator 3.8.2) (%),2.79
Kyrgyzstan,2016,Population with household expenditures on health greater than 25% of total household expenditure or income  ( SDG indicator 3.8.2) (%),0.45
Kyrgyzstan,2015,Population with household expenditures on health greater than 25% of total household expenditure or income  ( SDG indicator 3.8.2) (%),1.48
Kyrgyzstan,2014,Population with household expenditures on health greater than 25% of total household expenditure or income  ( SDG indicator 3.8.2) (%),0.6
Kyrgyzstan,2013,Population with household expenditures on health greater than 25% of total household expenditure or income  ( SDG indicator 3.8.2) (%),0.78
Kyrgyzstan,2012,Population with household expenditures on health greater than 25% of total household expenditure or income  ( SDG indicator 3.8.2) (%),0.51
Kyrgyzstan,2011,Population with household expenditures on health greater than 25% of total household expenditure or income  ( SDG indicator 3.8.2) (%),0.66
Kyrgyzstan,2010,Population with household expenditures on health greater than 25% of total household expenditure or income  ( SDG indicator 3.8.2) (%),0.38
Kyrgyzstan,2009,Population with household expenditures on health greater than 25% of total household expenditure or income  ( SDG indicator 3.8.2) (%),0.4
Kyrgyzstan,2008,Population with household expenditures on health greater than 25% of total household expenditure or income  ( SDG indicator 3.8.2) (%),0.38
Kyrgyzstan,2007,Population with household expenditures on health greater than 25% of total household expenditure or income  ( SDG indicator 3.8.2) (%),0.1
Kyrgyzstan,2006,Population with household expenditures on health greater than 25% of total household expenditure or income  ( SDG indicator 3.8.2) (%),0.54
Kyrgyzstan,2005,Population with household expenditures on health greater than 25% of total household expenditure or income  ( SDG indicator 3.8.2) (%),0.5
Lao People's Democratic Republic,2007,Population with household expenditures on health greater than 25% of total household expenditure or income  ( SDG indicator 3.8.2) (%),0.44
Lao People's Democratic Republic,2002,Population with household expenditures on health greater than 25% of total household expenditure or income  ( SDG indicator 3.8.2) (%),0.0
Latvia,2009,Population with household expenditures on health greater than 25% of total household expenditure or income  ( SDG indicator 3.8.2) (%),3.32
Latvia,2008,Population with household expenditures on health greater than 25% of total household expenditure or income  ( SDG indicator 3.8.2) (%),2.86
Latvia,2007,Population with household expenditures on health greater than 25% of total household expenditure or income  ( SDG indicator 3.8.2) (%),2.66
Latvia,2005,Population with household expenditures on health greater than 25% of total household expenditure or income  ( SDG indicator 3.8.2) (%),2.24
Latvia,2004,Population with household expenditures on health greater than 25% of total household expenditure or income  ( SDG indicator 3.8.2) (%),2.09
Latvia,2003,Population with household expenditures on health greater than 25% of total household expenditure or income  ( SDG indicator 3.8.2) (%),1.56
Latvia,2002,Population with household expenditures on health greater than 25% of total household expenditure or income  ( SDG indicator 3.8.2) (%),1.34
Latvia,2000,Population with household expenditures on health greater than 25% of total household expenditure or income  ( SDG indicator 3.8.2) (%),2.46
Lesotho,2010,Population with household expenditures on health greater than 25% of total household expenditure or income  ( SDG indicator 3.8.2) (%),2.41
Lesotho,2002,Population with household expenditures on health greater than 25% of total household expenditure or income  ( SDG indicator 3.8.2) (%),0.17
Lithuania,2010,Population with household expenditures on health greater than 25% of total household expenditure or income  ( SDG indicator 3.8.2) (%),1.61
Lithuania,2008,Population with household expenditures on health greater than 25% of total household expenditure or income  ( SDG indicator 3.8.2) (%),2.95
Lithuania,2004,Population with household expenditures on health greater than 25% of total household expenditure or income  ( SDG indicator 3.8.2) (%),2.71
Lithuania,2003,Population with household expenditures on health greater than 25% of total household expenditure or income  ( SDG indicator 3.8.2) (%),2.45
Lithuania,2002,Population with household expenditures on health greater than 25% of total household expenditure or income  ( SDG indicator 3.8.2) (%),2.85
Lithuania,2001,Population with household expenditures on health greater than 25% of total household expenditure or income  ( SDG indicator 3.8.2) (%),2.82
Lithuania,2000,Population with household expenditures on health greater than 25% of total household expenditure or income  ( SDG indicator 3.8.2) (%),2.44
Lithuania,1999,Population with household expenditures on health greater than 25% of total household expenditure or income  ( SDG indicator 3.8.2) (%),1.37
Lithuania,1998,Population with household expenditures on health greater than 25% of total household expenditure or income  ( SDG indicator 3.8.2) (%),1.6
Luxembourg,2010,Population with household expenditures on health greater than 25% of total household expenditure or income  ( SDG indicator 3.8.2) (%),0.16
Madagascar,2010,Population with household expenditures on health greater than 25% of total household expenditure or income  ( SDG indicator 3.8.2) (%),0.21
Madagascar,2005,Population with household expenditures on health greater than 25% of total household expenditure or income  ( SDG indicator 3.8.2) (%),0.02
Madagascar,2001,Population with household expenditures on health greater than 25% of total household expenditure or income  ( SDG indicator 3.8.2) (%),0.0
Malawi,2016,Population with household expenditures on health greater than 25% of total household expenditure or income  ( SDG indicator 3.8.2) (%),0.34
Malawi,2010,Population with household expenditures on health greater than 25% of total household expenditure or income  ( SDG indicator 3.8.2) (%),0.42
Malawi,2004,Population with household expenditures on health greater than 25% of total household expenditure or income  ( SDG indicator 3.8.2) (%),0.94
Malawi,1997,Population with household expenditures on health greater than 25% of total household expenditure or income  ( SDG indicator 3.8.2) (%),1.01
Malaysia,2016,Population with household expenditures on health greater than 25% of total household expenditure or income  ( SDG indicator 3.8.2) (%),0.18
Malaysia,2004,Population with household expenditures on health greater than 25% of total household expenditure or income  ( SDG indicator 3.8.2) (%),0.04
Malaysia,1993,Population with household expenditures on health greater than 25% of total household expenditure or income  ( SDG indicator 3.8.2) (%),0.48
Maldives,2016,Population with household expenditures on health greater than 25% of total household expenditure or income  ( SDG indicator 3.8.2) (%),3.45
Maldives,2009,Population with household expenditures on health greater than 25% of total household expenditure or income  ( SDG indicator 3.8.2) (%),3.69
Maldives,2004,Population with household expenditures on health greater than 25% of total household expenditure or income  ( SDG indicator 3.8.2) (%),0.21
Mali,2016,Population with household expenditures on health greater than 25% of total household expenditure or income  ( SDG indicator 3.8.2) (%),1.04
Mali,2015,Population with household expenditures on health greater than 25% of total household expenditure or income  ( SDG indicator 3.8.2) (%),0.27
Mali,2014,Population with household expenditures on health greater than 25% of total household expenditure or income  ( SDG indicator 3.8.2) (%),0.16
Mali,2013,Population with household expenditures on health greater than 25% of total household expenditure or income  ( SDG indicator 3.8.2) (%),0.02
Mali,2011,Population with household expenditures on health greater than 25% of total household expenditure or income  ( SDG indicator 3.8.2) (%),0.34
Mali,2009,Population with household expenditures on health greater than 25% of total household expenditure or income  ( SDG indicator 3.8.2) (%),0.76
Mali,2001,Population with household expenditures on health greater than 25% of total household expenditure or income  ( SDG indicator 3.8.2) (%),0.56
Mali,2000,Population with household expenditures on health greater than 25% of total household expenditure or income  ( SDG indicator 3.8.2) (%),0.62
Mali,1994,Population with household expenditures on health greater than 25% of total household expenditure or income  ( SDG indicator 3.8.2) (%),0.79
Malta,2010,Population with household expenditures on health greater than 25% of total household expenditure or income  ( SDG indicator 3.8.2) (%),2.7
Mauritania,2014,Population with household expenditures on health greater than 25% of total household expenditure or income  ( SDG indicator 3.8.2) (%),1.21
Mauritania,2008,Population with household expenditures on health greater than 25% of total household expenditure or income  ( SDG indicator 3.8.2) (%),1.37
Mauritania,2004,Population with household expenditures on health greater than 25% of total household expenditure or income  ( SDG indicator 3.8.2) (%),1.22
Mauritius,2006,Population with household expenditures on health greater than 25% of total household expenditure or income  ( SDG indicator 3.8.2) (%),1.36
Mexico,2016,Population with household expenditures on health greater than 25% of total household expenditure or income  ( SDG indicator 3.8.2) (%),0.18
Mexico,2014,Population with household expenditures on health greater than 25% of total household expenditure or income  ( SDG indicator 3.8.2) (%),0.52
Mexico,2012,Population with household expenditures on health greater than 25% of total household expenditure or income  ( SDG indicator 3.8.2) (%),0.38
Mexico,2010,Population with household expenditures on health greater than 25% of total household expenditure or income  ( SDG indicator 3.8.2) (%),0.58
Mexico,2008,Population with household expenditures on health greater than 25% of total household expenditure or income  ( SDG indicator 3.8.2) (%),0.62
Mongolia,2014,Population with household expenditures on health greater than 25% of total household expenditure or income  ( SDG indicator 3.8.2) (%),0.23
Mongolia,2012,Population with household expenditures on health greater than 25% of total household expenditure or income  ( SDG indicator 3.8.2) (%),0.52
Mongolia,2011,Population with household expenditures on health greater than 25% of total household expenditure or income  ( SDG indicator 3.8.2) (%),0.23
Mongolia,2010,Population with household expenditures on health greater than 25% of total household expenditure or income  ( SDG indicator 3.8.2) (%),0.19
Mongolia,2007,Population with household expenditures on health greater than 25% of total household expenditure or income  ( SDG indicator 3.8.2) (%),0.0
Mongolia,2002,Population with household expenditures on health greater than 25% of total household expenditure or income  ( SDG indicator 3.8.2) (%),0.14
Montenegro,2015,Population with household expenditures on health greater than 25% of total household expenditure or income  ( SDG indicator 3.8.2) (%),0.56
Montenegro,2014,Population with household expenditures on health greater than 25% of total household expenditure or income  ( SDG indicator 3.8.2) (%),1.1
Montenegro,2013,Population with household expenditures on health greater than 25% of total household expenditure or income  ( SDG indicator 3.8.2) (%),1.45
Montenegro,2012,Population with household expenditures on health greater than 25% of total household expenditure or income  ( SDG indicator 3.8.2) (%),0.7
Montenegro,2011,Population with household expenditures on health greater than 25% of total household expenditure or income  ( SDG indicator 3.8.2) (%),0.69
Montenegro,2010,Population with household expenditures on health greater than 25% of total household expenditure or income  ( SDG indicator 3.8.2) (%),0.99
Montenegro,2009,Population with household expenditures on health greater than 25% of total household expenditure or income  ( SDG indicator 3.8.2) (%),0.67
Montenegro,2008,Population with household expenditures on health greater than 25% of total household expenditure or income  ( SDG indicator 3.8.2) (%),1.08
Montenegro,2007,Population with household expenditures on health greater than 25% of total household expenditure or income  ( SDG indicator 3.8.2) (%),1.99
Montenegro,2006,Population with household expenditures on health greater than 25% of total household expenditure or income  ( SDG indicator 3.8.2) (%),1.08
Montenegro,2005,Population with household expenditures on health greater than 25% of total household expenditure or income  ( SDG indicator 3.8.2) (%),2.24
Morocco,2006,Population with household expenditures on health greater than 25% of total household expenditure or income  ( SDG indicator 3.8.2) (%),2.8
Morocco,2000,Population with household expenditures on health greater than 25% of total household expenditure or income  ( SDG indicator 3.8.2) (%),0.49
Mozambique,2014,Population with household expenditures on health greater than 25% of total household expenditure or income  ( SDG indicator 3.8.2) (%),0.51
Mozambique,2008,Population with household expenditures on health greater than 25% of total household expenditure or income  ( SDG indicator 3.8.2) (%),0.43
Mozambique,2002,Population with household expenditures on health greater than 25% of total household expenditure or income  ( SDG indicator 3.8.2) (%),1.31
Myanmar,2015,Population with household expenditures on health greater than 25% of total household expenditure or income  ( SDG indicator 3.8.2) (%),2.72
Namibia,2009,Population with household expenditures on health greater than 25% of total household expenditure or income  ( SDG indicator 3.8.2) (%),0.35
Nepal,2014,Population with household expenditures on health greater than 25% of total household expenditure or income  ( SDG indicator 3.8.2) (%),2.47
Nepal,2010,Population with household expenditures on health greater than 25% of total household expenditure or income  ( SDG indicator 3.8.2) (%),1.74
Nepal,2003,Population with household expenditures on health greater than 25% of total household expenditure or income  ( SDG indicator 3.8.2) (%),0.31
Nicaragua,2014,Population with household expenditures on health greater than 25% of total household expenditure or income  ( SDG indicator 3.8.2) (%),2.24
Nicaragua,2009,Population with household expenditures on health greater than 25% of total household expenditure or income  ( SDG indicator 3.8.2) (%),1.85
Nicaragua,2001,Population with household expenditures on health greater than 25% of total household expenditure or income  ( SDG indicator 3.8.2) (%),3.05
Nicaragua,1998,Population with household expenditures on health greater than 25% of total household expenditure or income  ( SDG indicator 3.8.2) (%),2.01
Nicaragua,1993,Population with household expenditures on health greater than 25% of total household expenditure or income  ( SDG indicator 3.8.2) (%),2.39
Niger,2011,Population with household expenditures on health greater than 25% of total household expenditure or income  ( SDG indicator 3.8.2) (%),3.12
Niger,2007,Population with household expenditures on health greater than 25% of total household expenditure or income  ( SDG indicator 3.8.2) (%),0.94
Niger,2005,Population with household expenditures on health greater than 25% of total household expenditure or income  ( SDG indicator 3.8.2) (%),0.73
Nigeria,2003,Population with household expenditures on health greater than 25% of total household expenditure or income  ( SDG indicator 3.8.2) (%),3.66
Oman,1999,Population with household expenditures on health greater than 25% of total household expenditure or income  ( SDG indicator 3.8.2) (%),0.05
Pakistan,2015,Population with household expenditures on health greater than 25% of total household expenditure or income  ( SDG indicator 3.8.2) (%),0.26
Pakistan,2013,Population with household expenditures on health greater than 25% of total household expenditure or income  ( SDG indicator 3.8.2) (%),0.28
Pakistan,2011,Population with household expenditures on health greater than 25% of total household expenditure or income  ( SDG indicator 3.8.2) (%),0.3
Pakistan,2010,Population with household expenditures on health greater than 25% of total household expenditure or income  ( SDG indicator 3.8.2) (%),0.13
Pakistan,2007,Population with household expenditures on health greater than 25% of total household expenditure or income  ( SDG indicator 3.8.2) (%),0.03
Pakistan,2004,Population with household expenditures on health greater than 25% of total household expenditure or income  ( SDG indicator 3.8.2) (%),0.09
Pakistan,2001,Population with household expenditures on health greater than 25% of total household expenditure or income  ( SDG indicator 3.8.2) (%),0.06
Pakistan,1991,Population with household expenditures on health greater than 25% of total household expenditure or income  ( SDG indicator 3.8.2) (%),0.98
Panama,1997,Population with household expenditures on health greater than 25% of total household expenditure or income  ( SDG indicator 3.8.2) (%),1.82
Paraguay,2014,Population with household expenditures on health greater than 25% of total household expenditure or income  ( SDG indicator 3.8.2) (%),0.94
Paraguay,2000,Population with household expenditures on health greater than 25% of total household expenditure or income  ( SDG indicator 3.8.2) (%),1.9
Peru,2018,Population with household expenditures on health greater than 25% of total household expenditure or income  ( SDG indicator 3.8.2) (%),1.26
Peru,2017,Population with household expenditures on health greater than 25% of total household expenditure or income  ( SDG indicator 3.8.2) (%),0.79
Peru,2016,Population with household expenditures on health greater than 25% of total household expenditure or income  ( SDG indicator 3.8.2) (%),0.86
Peru,2015,Population with household expenditures on health greater than 25% of total household expenditure or income  ( SDG indicator 3.8.2) (%),1.11
Peru,2014,Population with household expenditures on health greater than 25% of total household expenditure or income  ( SDG indicator 3.8.2) (%),1.06
Peru,2013,Population with household expenditures on health greater than 25% of total household expenditure or income  ( SDG indicator 3.8.2) (%),1.27
Peru,2012,Population with household expenditures on health greater than 25% of total household expenditure or income  ( SDG indicator 3.8.2) (%),1.21
Peru,2011,Population with household expenditures on health greater than 25% of total household expenditure or income  ( SDG indicator 3.8.2) (%),0.95
Peru,2010,Population with household expenditures on health greater than 25% of total household expenditure or income  ( SDG indicator 3.8.2) (%),1.31
Peru,2009,Population with household expenditures on health greater than 25% of total household expenditure or income  ( SDG indicator 3.8.2) (%),1.28
Peru,2008,Population with household expenditures on health greater than 25% of total household expenditure or income  ( SDG indicator 3.8.2) (%),1.27
Peru,2007,Population with household expenditures on health greater than 25% of total household expenditure or income  ( SDG indicator 3.8.2) (%),1.34
Peru,2006,Population with household expenditures on health greater than 25% of total household expenditure or income  ( SDG indicator 3.8.2) (%),1.23
Peru,2000,Population with household expenditures on health greater than 25% of total household expenditure or income  ( SDG indicator 3.8.2) (%),2.49
Poland,2016,Population with household expenditures on health greater than 25% of total household expenditure or income  ( SDG indicator 3.8.2) (%),1.04
Poland,2015,Population with household expenditures on health greater than 25% of total household expenditure or income  ( SDG indicator 3.8.2) (%),1.09
Poland,2014,Population with household expenditures on health greater than 25% of total household expenditure or income  ( SDG indicator 3.8.2) (%),0.92
Poland,2013,Population with household expenditures on health greater than 25% of total household expenditure or income  ( SDG indicator 3.8.2) (%),1.13
Poland,2012,Population with household expenditures on health greater than 25% of total household expenditure or income  ( SDG indicator 3.8.2) (%),1.42
Poland,2011,Population with household expenditures on health greater than 25% of total household expenditure or income  ( SDG indicator 3.8.2) (%),1.49
Poland,2009,Population with household expenditures on health greater than 25% of total household expenditure or income  ( SDG indicator 3.8.2) (%),1.88
Poland,2008,Population with household expenditures on health greater than 25% of total household expenditure or income  ( SDG indicator 3.8.2) (%),1.71
Poland,2007,Population with household expenditures on health greater than 25% of total household expenditure or income  ( SDG indicator 3.8.2) (%),1.95
Poland,2006,Population with household expenditures on health greater than 25% of total household expenditure or income  ( SDG indicator 3.8.2) (%),1.87
Poland,2005,Population with household expenditures on health greater than 25% of total household expenditure or income  ( SDG indicator 3.8.2) (%),1.95
Poland,2004,Population with household expenditures on health greater than 25% of total household expenditure or income  ( SDG indicator 3.8.2) (%),1.34
Poland,2003,Population with household expenditures on health greater than 25% of total household expenditure or income  ( SDG indicator 3.8.2) (%),0.89
Poland,2002,Population with household expenditures on health greater than 25% of total household expenditure or income  ( SDG indicator 3.8.2) (%),1.33
Poland,2001,Population with household expenditures on health greater than 25% of total household expenditure or income  ( SDG indicator 3.8.2) (%),1.25
Poland,2000,Population with household expenditures on health greater than 25% of total household expenditure or income  ( SDG indicator 3.8.2) (%),1.54
Poland,1999,Population with household expenditures on health greater than 25% of total household expenditure or income  ( SDG indicator 3.8.2) (%),1.28
Poland,1998,Population with household expenditures on health greater than 25% of total household expenditure or income  ( SDG indicator 3.8.2) (%),1.2
Portugal,2010,Population with household expenditures on health greater than 25% of total household expenditure or income  ( SDG indicator 3.8.2) (%),2.86
Republic of Korea,2015,Population with household expenditures on health greater than 25% of total household expenditure or income  ( SDG indicator 3.8.2) (%),3.92
Republic of Korea,2014,Population with household expenditures on health greater than 25% of total household expenditure or income  ( SDG indicator 3.8.2) (%),3.36
Republic of Korea,2013,Population with household expenditures on health greater than 25% of total household expenditure or income  ( SDG indicator 3.8.2) (%),3.35
Republic of Korea,2012,Population with household expenditures on health greater than 25% of total household expenditure or income  ( SDG indicator 3.8.2) (%),3.15
Republic of Korea,2011,Population with household expenditures on health greater than 25% of total household expenditure or income  ( SDG indicator 3.8.2) (%),3.18
Republic of Korea,2010,Population with household expenditures on health greater than 25% of total household expenditure or income  ( SDG indicator 3.8.2) (%),2.94
Republic of Korea,2009,Population with household expenditures on health greater than 25% of total household expenditure or income  ( SDG indicator 3.8.2) (%),3.55
Republic of Korea,2008,Population with household expenditures on health greater than 25% of total household expenditure or income  ( SDG indicator 3.8.2) (%),2.68
Republic of Korea,2007,Population with household expenditures on health greater than 25% of total household expenditure or income  ( SDG indicator 3.8.2) (%),3.14
Republic of Korea,2006,Population with household expenditures on health greater than 25% of total household expenditure or income  ( SDG indicator 3.8.2) (%),2.6
Republic of Korea,2005,Population with household expenditures on health greater than 25% of total household expenditure or income  ( SDG indicator 3.8.2) (%),1.99
Republic of Korea,2004,Population with household expenditures on health greater than 25% of total household expenditure or income  ( SDG indicator 3.8.2) (%),1.4
Republic of Korea,2003,Population with household expenditures on health greater than 25% of total household expenditure or income  ( SDG indicator 3.8.2) (%),1.32
Republic of Korea,2002,Population with household expenditures on health greater than 25% of total household expenditure or income  ( SDG indicator 3.8.2) (%),1.48
Republic of Korea,2001,Population with household expenditures on health greater than 25% of total household expenditure or income  ( SDG indicator 3.8.2) (%),1.18
Republic of Korea,2000,Population with household expenditures on health greater than 25% of total household expenditure or income  ( SDG indicator 3.8.2) (%),1.28
Republic of Korea,1999,Population with household expenditures on health greater than 25% of total household expenditure or income  ( SDG indicator 3.8.2) (%),1.78
Republic of Korea,1998,Population with household expenditures on health greater than 25% of total household expenditure or income  ( SDG indicator 3.8.2) (%),1.47
Republic of Korea,1997,Population with household expenditures on health greater than 25% of total household expenditure or income  ( SDG indicator 3.8.2) (%),1.54
Republic of Korea,1996,Population with household expenditures on health greater than 25% of total household expenditure or income  ( SDG indicator 3.8.2) (%),1.67
Republic of Korea,1995,Population with household expenditures on health greater than 25% of total household expenditure or income  ( SDG indicator 3.8.2) (%),1.54
Republic of Moldova,2016,Population with household expenditures on health greater than 25% of total household expenditure or income  ( SDG indicator 3.8.2) (%),4.12
Republic of Moldova,2015,Population with household expenditures on health greater than 25% of total household expenditure or income  ( SDG indicator 3.8.2) (%),3.85
Republic of Moldova,2014,Population with household expenditures on health greater than 25% of total household expenditure or income  ( SDG indicator 3.8.2) (%),3.58
Republic of Moldova,2013,Population with household expenditures on health greater than 25% of total household expenditure or income  ( SDG indicator 3.8.2) (%),2.99
Republic of Moldova,2012,Population with household expenditures on health greater than 25% of total household expenditure or income  ( SDG indicator 3.8.2) (%),2.21
Republic of Moldova,2011,Population with household expenditures on health greater than 25% of total household expenditure or income  ( SDG indicator 3.8.2) (%),2.65
Republic of Moldova,2010,Population with household expenditures on health greater than 25% of total household expenditure or income  ( SDG indicator 3.8.2) (%),3.14
Republic of Moldova,2009,Population with household expenditures on health greater than 25% of total household expenditure or income  ( SDG indicator 3.8.2) (%),3.0
Republic of Moldova,2008,Population with household expenditures on health greater than 25% of total household expenditure or income  ( SDG indicator 3.8.2) (%),3.16
Republic of Moldova,2007,Population with household expenditures on health greater than 25% of total household expenditure or income  ( SDG indicator 3.8.2) (%),3.74
Republic of Moldova,2006,Population with household expenditures on health greater than 25% of total household expenditure or income  ( SDG indicator 3.8.2) (%),3.36
Republic of Moldova,2005,Population with household expenditures on health greater than 25% of total household expenditure or income  ( SDG indicator 3.8.2) (%),3.22
Republic of Moldova,2004,Population with household expenditures on health greater than 25% of total household expenditure or income  ( SDG indicator 3.8.2) (%),2.73
Republic of Moldova,2003,Population with household expenditures on health greater than 25% of total household expenditure or income  ( SDG indicator 3.8.2) (%),3.52
Republic of Moldova,2002,Population with household expenditures on health greater than 25% of total household expenditure or income  ( SDG indicator 3.8.2) (%),3.05
Republic of Moldova,2001,Population with household expenditures on health greater than 25% of total household expenditure or income  ( SDG indicator 3.8.2) (%),2.66
Republic of Moldova,2000,Population with household expenditures on health greater than 25% of total household expenditure or income  ( SDG indicator 3.8.2) (%),3.61
Republic of Moldova,1999,Population with household expenditures on health greater than 25% of total household expenditure or income  ( SDG indicator 3.8.2) (%),3.82
The former Yugoslav Republic of Macedonia,2008,Population with household expenditures on health greater than 25% of total household expenditure or income  ( SDG indicator 3.8.2) (%),0.6
The former Yugoslav Republic of Macedonia,2006,Population with household expenditures on health greater than 25% of total household expenditure or income  ( SDG indicator 3.8.2) (%),0.83
The former Yugoslav Republic of Macedonia,2005,Population with household expenditures on health greater than 25% of total household expenditure or income  ( SDG indicator 3.8.2) (%),0.79
The former Yugoslav Republic of Macedonia,2004,Population with household expenditures on health greater than 25% of total household expenditure or income  ( SDG indicator 3.8.2) (%),0.77
The former Yugoslav Republic of Macedonia,2003,Population with household expenditures on health greater than 25% of total household expenditure or income  ( SDG indicator 3.8.2) (%),0.98
The former Yugoslav Republic of Macedonia,2002,Population with household expenditures on health greater than 25% of total household expenditure or income  ( SDG indicator 3.8.2) (%),0.73
The former Yugoslav Republic of Macedonia,2000,Population with household expenditures on health greater than 25% of total household expenditure or income  ( SDG indicator 3.8.2) (%),0.83
The former Yugoslav Republic of Macedonia,1999,Population with household expenditures on health greater than 25% of total household expenditure or income  ( SDG indicator 3.8.2) (%),0.0
The former Yugoslav Republic of Macedonia,1998,Population with household expenditures on health greater than 25% of total household expenditure or income  ( SDG indicator 3.8.2) (%),0.29
The former Yugoslav Republic of Macedonia,1997,Population with household expenditures on health greater than 25% of total household expenditure or income  ( SDG indicator 3.8.2) (%),0.0
The former Yugoslav Republic of Macedonia,1996,Population with household expenditures on health greater than 25% of total household expenditure or income  ( SDG indicator 3.8.2) (%),0.02
Romania,2016,Population with household expenditures on health greater than 25% of total household expenditure or income  ( SDG indicator 3.8.2) (%),2.05
Romania,2013,Population with household expenditures on health greater than 25% of total household expenditure or income  ( SDG indicator 3.8.2) (%),1.35
Romania,2012,Population with household expenditures on health greater than 25% of total household expenditure or income  ( SDG indicator 3.8.2) (%),2.94
Romania,2011,Population with household expenditures on health greater than 25% of total household expenditure or income  ( SDG indicator 3.8.2) (%),2.99
Romania,2010,Population with household expenditures on health greater than 25% of total household expenditure or income  ( SDG indicator 3.8.2) (%),3.48
Romania,2009,Population with household expenditures on health greater than 25% of total household expenditure or income  ( SDG indicator 3.8.2) (%),3.36
Romania,2008,Population with household expenditures on health greater than 25% of total household expenditure or income  ( SDG indicator 3.8.2) (%),2.47
Romania,2007,Population with household expenditures on health greater than 25% of total household expenditure or income  ( SDG indicator 3.8.2) (%),3.02
Romania,2006,Population with household expenditures on health greater than 25% of total household expenditure or income  ( SDG indicator 3.8.2) (%),2.87
Romania,2005,Population with household expenditures on health greater than 25% of total household expenditure or income  ( SDG indicator 3.8.2) (%),2.9
Romania,2004,Population with household expenditures on health greater than 25% of total household expenditure or income  ( SDG indicator 3.8.2) (%),2.14
Romania,2003,Population with household expenditures on health greater than 25% of total household expenditure or income  ( SDG indicator 3.8.2) (%),1.67
Romania,2002,Population with household expenditures on health greater than 25% of total household expenditure or income  ( SDG indicator 3.8.2) (%),1.69
Romania,2001,Population with household expenditures on health greater than 25% of total household expenditure or income  ( SDG indicator 3.8.2) (%),1.36
Romania,2000,Population with household expenditures on health greater than 25% of total household expenditure or income  ( SDG indicator 3.8.2) (%),1.41
Romania,1999,Population with household expenditures on health greater than 25% of total household expenditure or income  ( SDG indicator 3.8.2) (%),1.26
Romania,1998,Population with household expenditures on health greater than 25% of total household expenditure or income  ( SDG indicator 3.8.2) (%),1.13
Russian Federation,2014,Population with household expenditures on health greater than 25% of total household expenditure or income  ( SDG indicator 3.8.2) (%),0.53
Russian Federation,2013,Population with household expenditures on health greater than 25% of total household expenditure or income  ( SDG indicator 3.8.2) (%),0.33
Russian Federation,2012,Population with household expenditures on health greater than 25% of total household expenditure or income  ( SDG indicator 3.8.2) (%),0.09
Russian Federation,2011,Population with household expenditures on health greater than 25% of total household expenditure or income  ( SDG indicator 3.8.2) (%),0.27
Russian Federation,2010,Population with household expenditures on health greater than 25% of total household expenditure or income  ( SDG indicator 3.8.2) (%),0.23
Russian Federation,2004,Population with household expenditures on health greater than 25% of total household expenditure or income  ( SDG indicator 3.8.2) (%),0.22
Russian Federation,2003,Population with household expenditures on health greater than 25% of total household expenditure or income  ( SDG indicator 3.8.2) (%),0.16
Russian Federation,2002,Population with household expenditures on health greater than 25% of total household expenditure or income  ( SDG indicator 3.8.2) (%),0.71
Russian Federation,2001,Population with household expenditures on health greater than 25% of total household expenditure or income  ( SDG indicator 3.8.2) (%),0.47
Russian Federation,2000,Population with household expenditures on health greater than 25% of total household expenditure or income  ( SDG indicator 3.8.2) (%),0.32
Russian Federation,1999,Population with household expenditures on health greater than 25% of total household expenditure or income  ( SDG indicator 3.8.2) (%),0.33
Russian Federation,1998,Population with household expenditures on health greater than 25% of total household expenditure or income  ( SDG indicator 3.8.2) (%),0.28
Russian Federation,1997,Population with household expenditures on health greater than 25% of total household expenditure or income  ( SDG indicator 3.8.2) (%),0.87
Russian Federation,1993,Population with household expenditures on health greater than 25% of total household expenditure or income  ( SDG indicator 3.8.2) (%),0.4
Rwanda,2016,Population with household expenditures on health greater than 25% of total household expenditure or income  ( SDG indicator 3.8.2) (%),0.24
Rwanda,2013,Population with household expenditures on health greater than 25% of total household expenditure or income  ( SDG indicator 3.8.2) (%),0.16
Sao Tome and Principe,2000,Population with household expenditures on health greater than 25% of total household expenditure or income  ( SDG indicator 3.8.2) (%),1.12
Senegal,2011,Population with household expenditures on health greater than 25% of total household expenditure or income  ( SDG indicator 3.8.2) (%),0.12
Senegal,2005,Population with household expenditures on health greater than 25% of total household expenditure or income  ( SDG indicator 3.8.2) (%),0.0
Senegal,2001,Population with household expenditures on health greater than 25% of total household expenditure or income  ( SDG indicator 3.8.2) (%),0.07
Serbia,2015,Population with household expenditures on health greater than 25% of total household expenditure or income  ( SDG indicator 3.8.2) (%),0.55
Serbia,2013,Population with household expenditures on health greater than 25% of total household expenditure or income  ( SDG indicator 3.8.2) (%),0.56
Serbia,2010,Population with household expenditures on health greater than 25% of total household expenditure or income  ( SDG indicator 3.8.2) (%),0.78
Serbia,2009,Population with household expenditures on health greater than 25% of total household expenditure or income  ( SDG indicator 3.8.2) (%),0.7
Serbia,2008,Population with household expenditures on health greater than 25% of total household expenditure or income  ( SDG indicator 3.8.2) (%),1.63
Serbia,2007,Population with household expenditures on health greater than 25% of total household expenditure or income  ( SDG indicator 3.8.2) (%),1.66
Serbia,2006,Population with household expenditures on health greater than 25% of total household expenditure or income  ( SDG indicator 3.8.2) (%),1.34
Serbia,2005,Population with household expenditures on health greater than 25% of total household expenditure or income  ( SDG indicator 3.8.2) (%),2.6
Serbia,2004,Population with household expenditures on health greater than 25% of total household expenditure or income  ( SDG indicator 3.8.2) (%),1.92
Serbia,2003,Population with household expenditures on health greater than 25% of total household expenditure or income  ( SDG indicator 3.8.2) (%),1.48
Seychelles,2013,Population with household expenditures on health greater than 25% of total household expenditure or income  ( SDG indicator 3.8.2) (%),1.26
Sierra Leone,2011,Population with household expenditures on health greater than 25% of total household expenditure or income  ( SDG indicator 3.8.2) (%),22.14
Sierra Leone,2003,Population with household expenditures on health greater than 25% of total household expenditure or income  ( SDG indicator 3.8.2) (%),0.66
Slovakia,2010,Population with household expenditures on health greater than 25% of total household expenditure or income  ( SDG indicator 3.8.2) (%),0.53
Slovakia,2009,Population with household expenditures on health greater than 25% of total household expenditure or income  ( SDG indicator 3.8.2) (%),0.5
Slovakia,2008,Population with household expenditures on health greater than 25% of total household expenditure or income  ( SDG indicator 3.8.2) (%),0.56
Slovakia,2007,Population with household expenditures on health greater than 25% of total household expenditure or income  ( SDG indicator 3.8.2) (%),0.41
Slovakia,2006,Population with household expenditures on health greater than 25% of total household expenditure or income  ( SDG indicator 3.8.2) (%),0.44
Slovakia,2005,Population with household expenditures on health greater than 25% of total household expenditure or income  ( SDG indicator 3.8.2) (%),0.65
Slovakia,2004,Population with household expenditures on health greater than 25% of total household expenditure or income  ( SDG indicator 3.8.2) (%),0.53
South Africa,2010,Population with household expenditures on health greater than 25% of total household expenditure or income  ( SDG indicator 3.8.2) (%),0.15
South Africa,2005,Population with household expenditures on health greater than 25% of total household expenditure or income  ( SDG indicator 3.8.2) (%),0.19
South Africa,2000,Population with household expenditures on health greater than 25% of total household expenditure or income  ( SDG indicator 3.8.2) (%),0.44
South Sudan,2009,Population with household expenditures on health greater than 25% of total household expenditure or income  ( SDG indicator 3.8.2) (%),3.98
Spain,2010,Population with household expenditures on health greater than 25% of total household expenditure or income  ( SDG indicator 3.8.2) (%),1.08
Sri Lanka,2016,Population with household expenditures on health greater than 25% of total household expenditure or income  ( SDG indicator 3.8.2) (%),0.98
Sri Lanka,2012,Population with household expenditures on health greater than 25% of total household expenditure or income  ( SDG indicator 3.8.2) (%),0.86
Sudan (until 2011),2009,Population with household expenditures on health greater than 25% of total household expenditure or income  ( SDG indicator 3.8.2) (%),1.99
Suriname,2016,Population with household expenditures on health greater than 25% of total household expenditure or income  ( SDG indicator 3.8.2) (%),1.72
Tajikistan,2009,Population with household expenditures on health greater than 25% of total household expenditure or income  ( SDG indicator 3.8.2) (%),4.79
Tajikistan,2007,Population with household expenditures on health greater than 25% of total household expenditure or income  ( SDG indicator 3.8.2) (%),3.17
Tajikistan,2003,Population with household expenditures on health greater than 25% of total household expenditure or income  ( SDG indicator 3.8.2) (%),6.42
Tajikistan,1999,Population with household expenditures on health greater than 25% of total household expenditure or income  ( SDG indicator 3.8.2) (%),4.78
Thailand,2017,Population with household expenditures on health greater than 25% of total household expenditure or income  ( SDG indicator 3.8.2) (%),0.58
Thailand,2009,Population with household expenditures on health greater than 25% of total household expenditure or income  ( SDG indicator 3.8.2) (%),0.06
Thailand,2006,Population with household expenditures on health greater than 25% of total household expenditure or income  ( SDG indicator 3.8.2) (%),0.17
Thailand,2002,Population with household expenditures on health greater than 25% of total household expenditure or income  ( SDG indicator 3.8.2) (%),0.26
Timor-Leste,2014,Population with household expenditures on health greater than 25% of total household expenditure or income  ( SDG indicator 3.8.2) (%),0.43
Timor-Leste,2011,Population with household expenditures on health greater than 25% of total household expenditure or income  ( SDG indicator 3.8.2) (%),0.0
Timor-Leste,2007,Population with household expenditures on health greater than 25% of total household expenditure or income  ( SDG indicator 3.8.2) (%),0.0
Timor-Leste,2001,Population with household expenditures on health greater than 25% of total household expenditure or income  ( SDG indicator 3.8.2) (%),0.0
Togo,2006,Population with household expenditures on health greater than 25% of total household expenditure or income  ( SDG indicator 3.8.2) (%),0.0
Trinidad and Tobago,2014,Population with household expenditures on health greater than 25% of total household expenditure or income  ( SDG indicator 3.8.2) (%),1.63
Tunisia,2010,Population with household expenditures on health greater than 25% of total household expenditure or income  ( SDG indicator 3.8.2) (%),2.48
Turkey,2013,Population with household expenditures on health greater than 25% of total household expenditure or income  ( SDG indicator 3.8.2) (%),0.44
Turkey,2012,Population with household expenditures on health greater than 25% of total household expenditure or income  ( SDG indicator 3.8.2) (%),0.33
Turkey,2011,Population with household expenditures on health greater than 25% of total household expenditure or income  ( SDG indicator 3.8.2) (%),0.38
Turkey,2010,Population with household expenditures on health greater than 25% of total household expenditure or income  ( SDG indicator 3.8.2) (%),0.41
Turkey,2009,Population with household expenditures on health greater than 25% of total household expenditure or income  ( SDG indicator 3.8.2) (%),0.55
Turkey,2008,Population with household expenditures on health greater than 25% of total household expenditure or income  ( SDG indicator 3.8.2) (%),0.73
Turkey,2007,Population with household expenditures on health greater than 25% of total household expenditure or income  ( SDG indicator 3.8.2) (%),0.73
Turkey,2006,Population with household expenditures on health greater than 25% of total household expenditure or income  ( SDG indicator 3.8.2) (%),0.72
Turkey,2005,Population with household expenditures on health greater than 25% of total household expenditure or income  ( SDG indicator 3.8.2) (%),0.89
Turkey,2004,Population with household expenditures on health greater than 25% of total household expenditure or income  ( SDG indicator 3.8.2) (%),1.09
Turkey,2003,Population with household expenditures on health greater than 25% of total household expenditure or income  ( SDG indicator 3.8.2) (%),0.89
Turkey,2002,Population with household expenditures on health greater than 25% of total household expenditure or income  ( SDG indicator 3.8.2) (%),0.82
Uganda,2016,Population with household expenditures on health greater than 25% of total household expenditure or income  ( SDG indicator 3.8.2) (%),2.59
Uganda,2012,Population with household expenditures on health greater than 25% of total household expenditure or income  ( SDG indicator 3.8.2) (%),4.38
Uganda,2009,Population with household expenditures on health greater than 25% of total household expenditure or income  ( SDG indicator 3.8.2) (%),3.28
Uganda,2002,Population with household expenditures on health greater than 25% of total household expenditure or income  ( SDG indicator 3.8.2) (%),2.16
Ukraine,2014,Population with household expenditures on health greater than 25% of total household expenditure or income  ( SDG indicator 3.8.2) (%),0.85
Ukraine,2013,Population with household expenditures on health greater than 25% of total household expenditure or income  ( SDG indicator 3.8.2) (%),1.17
Ukraine,2012,Population with household expenditures on health greater than 25% of total household expenditure or income  ( SDG indicator 3.8.2) (%),1.0
Ukraine,2011,Population with household expenditures on health greater than 25% of total household expenditure or income  ( SDG indicator 3.8.2) (%),0.84
Ukraine,2010,Population with household expenditures on health greater than 25% of total household expenditure or income  ( SDG indicator 3.8.2) (%),0.86
Ukraine,2009,Population with household expenditures on health greater than 25% of total household expenditure or income  ( SDG indicator 3.8.2) (%),0.83
Ukraine,2008,Population with household expenditures on health greater than 25% of total household expenditure or income  ( SDG indicator 3.8.2) (%),0.65
Ukraine,2007,Population with household expenditures on health greater than 25% of total household expenditure or income  ( SDG indicator 3.8.2) (%),0.94
Ukraine,2006,Population with household expenditures on health greater than 25% of total household expenditure or income  ( SDG indicator 3.8.2) (%),1.05
Ukraine,2005,Population with household expenditures on health greater than 25% of total household expenditure or income  ( SDG indicator 3.8.2) (%),0.87
Ukraine,2004,Population with household expenditures on health greater than 25% of total household expenditure or income  ( SDG indicator 3.8.2) (%),1.36
Ukraine,2003,Population with household expenditures on health greater than 25% of total household expenditure or income  ( SDG indicator 3.8.2) (%),1.51
Ukraine,2002,Population with household expenditures on health greater than 25% of total household expenditure or income  ( SDG indicator 3.8.2) (%),1.73
United Republic of Tanzania,2011,Population with household expenditures on health greater than 25% of total household expenditure or income  ( SDG indicator 3.8.2) (%),0.48
United Republic of Tanzania,2007,Population with household expenditures on health greater than 25% of total household expenditure or income  ( SDG indicator 3.8.2) (%),0.39
United Republic of Tanzania,2000,Population with household expenditures on health greater than 25% of total household expenditure or income  ( SDG indicator 3.8.2) (%),0.28
United States of America,2013,Population with household expenditures on health greater than 25% of total household expenditure or income  ( SDG indicator 3.8.2) (%),0.7
United States of America,2012,Population with household expenditures on health greater than 25% of total household expenditure or income  ( SDG indicator 3.8.2) (%),0.78
United States of America,2011,Population with household expenditures on health greater than 25% of total household expenditure or income  ( SDG indicator 3.8.2) (%),0.78
United States of America,2010,Population with household expenditures on health greater than 25% of total household expenditure or income  ( SDG indicator 3.8.2) (%),0.74
United States of America,2009,Population with household expenditures on health greater than 25% of total household expenditure or income  ( SDG indicator 3.8.2) (%),0.68
United States of America,2008,Population with household expenditures on health greater than 25% of total household expenditure or income  ( SDG indicator 3.8.2) (%),0.69
United States of America,2007,Population with household expenditures on health greater than 25% of total household expenditure or income  ( SDG indicator 3.8.2) (%),0.69
United States of America,2006,Population with household expenditures on health greater than 25% of total household expenditure or income  ( SDG indicator 3.8.2) (%),0.76
United States of America,2005,Population with household expenditures on health greater than 25% of total household expenditure or income  ( SDG indicator 3.8.2) (%),0.89
United States of America,2004,Population with household expenditures on health greater than 25% of total household expenditure or income  ( SDG indicator 3.8.2) (%),0.77
United States of America,2003,Population with household expenditures on health greater than 25% of total household expenditure or income  ( SDG indicator 3.8.2) (%),0.89
United States of America,2002,Population with household expenditures on health greater than 25% of total household expenditure or income  ( SDG indicator 3.8.2) (%),0.89
United States of America,2001,Population with household expenditures on health greater than 25% of total household expenditure or income  ( SDG indicator 3.8.2) (%),0.91
United States of America,2000,Population with household expenditures on health greater than 25% of total household expenditure or income  ( SDG indicator 3.8.2) (%),0.96
Uzbekistan,2003,Population with household expenditures on health greater than 25% of total household expenditure or income  ( SDG indicator 3.8.2) (%),2.25
Uzbekistan,2002,Population with household expenditures on health greater than 25% of total household expenditure or income  ( SDG indicator 3.8.2) (%),2.17
Uzbekistan,2000,Population with household expenditures on health greater than 25% of total household expenditure or income  ( SDG indicator 3.8.2) (%),2.58
Viet Nam,2016,Population with household expenditures on health greater than 25% of total household expenditure or income  ( SDG indicator 3.8.2) (%),1.87
Viet Nam,2014,Population with household expenditures on health greater than 25% of total household expenditure or income  ( SDG indicator 3.8.2) (%),1.35
Viet Nam,2012,Population with household expenditures on health greater than 25% of total household expenditure or income  ( SDG indicator 3.8.2) (%),1.88
Viet Nam,2010,Population with household expenditures on health greater than 25% of total household expenditure or income  ( SDG indicator 3.8.2) (%),2.03
Viet Nam,2008,Population with household expenditures on health greater than 25% of total household expenditure or income  ( SDG indicator 3.8.2) (%),2.84
Viet Nam,2006,Population with household expenditures on health greater than 25% of total household expenditure or income  ( SDG indicator 3.8.2) (%),3.07
Viet Nam,2004,Population with household expenditures on health greater than 25% of total household expenditure or income  ( SDG indicator 3.8.2) (%),3.51
Viet Nam,2002,Population with household expenditures on health greater than 25% of total household expenditure or income  ( SDG indicator 3.8.2) (%),1.79
Viet Nam,1998,Population with household expenditures on health greater than 25% of total household expenditure or income  ( SDG indicator 3.8.2) (%),1.89
Viet Nam,1997,Population with household expenditures on health greater than 25% of total household expenditure or income  ( SDG indicator 3.8.2) (%),1.89
Viet Nam,1992,Population with household expenditures on health greater than 25% of total household expenditure or income  ( SDG indicator 3.8.2) (%),2.72
Yemen,2014,Population with household expenditures on health greater than 25% of total household expenditure or income  ( SDG indicator 3.8.2) (%),3.36
Yemen,2005,Population with household expenditures on health greater than 25% of total household expenditure or income  ( SDG indicator 3.8.2) (%),3.84
Yemen,1998,Population with household expenditures on health greater than 25% of total household expenditure or income  ( SDG indicator 3.8.2) (%),1.02
Zambia,2010,Population with household expenditures on health greater than 25% of total household expenditure or income  ( SDG indicator 3.8.2) (%),0.03
Zambia,2006,Population with household expenditures on health greater than 25% of total household expenditure or income  ( SDG indicator 3.8.2) (%),0.28
Zambia,2004,Population with household expenditures on health greater than 25% of total household expenditure or income  ( SDG indicator 3.8.2) (%),0.66
Zimbabwe,2007,Population with household expenditures on health greater than 25% of total household expenditure or income  ( SDG indicator 3.8.2) (%),1.35
